[{"data_criacao": "2025-11-18", "setores": ["Aerospace", "Defense"], "ameacas": ["dcsyncer.slick", "third-party compromise", "sightgrab", "aerospace", "trusttrap", "lateral movement", "minibike", "defense", "espionage", "lightrail", "deeproot", "crashpad", "twostroke", "pollblend", "custom malware", "phishing", "privilege escalation", "ghostline"], "paises": []}, {"data_criacao": "2025-11-17", "setores": [], "ameacas": ["network reconnaissance", "lynx ransomware", "rdp", "backup deletion", "credential abuse", "data exfiltration", "ransomware", "lateral movement"], "paises": []}, {"data_criacao": "2025-08-07", "setores": [], "ameacas": [], "paises": []}, {"data_criacao": "2025-11-15", "setores": ["Retail", "Finance", "Technology"], "ameacas": ["phishing", "cybersecurity", "luxury goods", "e-commerce", "black friday", "ai", "scams", "social engineering"], "paises": []}, {"data_criacao": "2025-11-15", "setores": [], "ameacas": ["backdoor", "c2", "powershell", "registry modification", "notdoor", "dll sideloading", "outlook macros", "persistence"], "paises": []}, {"data_criacao": "2025-11-15", "setores": ["Technology", "Telecommunications", "Media", "Government"], "ameacas": ["chinese-speaking targets", "multi-stage infection", "dll side-loading", "brand impersonation", "gh0st rat", "domain generation", "cloud infrastructure"], "paises": []}, {"data_criacao": "2025-10-17", "setores": ["Government", "Finance"], "ameacas": ["winos", "phishing", "task scheduler", "multi-stage attack", "holdinghands"], "paises": []}, {"data_criacao": "2025-10-17", "setores": ["Automotive", "Automobile"], "ameacas": ["phishing", "campaign", "backdoor", "russia", "capi", ".net implant", "lolbin"], "paises": []}, {"data_criacao": "2025-10-16", "setores": [], "ameacas": ["smart contracts", "blockchain", "cloudflare pages", "bnb smart chain", "atomic", "lummac.v2", "vidar", "infostealers", "radthief", "clearshort", "wordpress", "etherhiding"], "paises": []}, {"data_criacao": "2025-10-16", "setores": ["Technology"], "ameacas": ["stealer", "macos", "privilege escalation", "phishing", "homebrew", "odyssey stealer", "amos", "developers", "social engineering", "infrastructure reuse"], "paises": []}, {"data_criacao": "2025-10-16", "setores": ["Finance", "Technology"], "ameacas": ["valleyrat", "job lures", "fintech", "cryptocurrency", "dll side-loading", "spear-phishing", "china", "scheduled tasks"], "paises": []}, {"data_criacao": "2025-10-15", "setores": ["Finance"], "ameacas": ["fileless", "maverick", "coyote", "ai-assisted", "banking trojan", "whatsapp", "brazil", "credential theft"], "paises": []}, {"data_criacao": "2025-11-14", "setores": ["Technology", "Finance"], "ameacas": ["ottercookie", "json storage", "tsunami payload", "web3", "social engineering", "rat", "north korea", "infostealer", "cryptocurrency", "invisibleferret", "trojanized code", "beavertail"], "paises": []}, {"data_criacao": "2025-08-07", "setores": [], "ameacas": [], "paises": []}, {"data_criacao": "2025-11-14", "setores": ["Transportation", "Technology", "Media", "Food"], "ameacas": ["darkweb", "chacha20-poly1305", "secp256k1-ecies", "go-based", "yurei", "corporate networks", "ransomware", "encryption"], "paises": []}, {"data_criacao": "2025-11-14", "setores": [], "ameacas": ["c2 communication", "cryptocurrency", "darkcomet rat", "bitcoin", "keylogging", "rat", "darkcomet", "upx packing", "persistence"], "paises": []}, {"data_criacao": "2025-11-14", "setores": [], "ameacas": ["modular", "bash", "novastealer", "macos", "cryptostealer", "phishing", "persistence", "wallet-targeting"], "paises": []}, {"data_criacao": "2025-11-14", "setores": [], "ameacas": ["evasion techniques", "browser fingerprinting", "lumma stealer", "ghostsocks", "data exfiltration", "cybercriminal activity", "process injection", "command-and-control", "infostealer"], "paises": []}, {"data_criacao": "2025-11-14", "setores": [], "ameacas": ["phishing", "cryptocurrency", "social engineering", "fake charities", "hurricane", "domain spoofing", "disaster relief", "scams"], "paises": []}, {"data_criacao": "2025-11-13", "setores": ["Energy", "Telecommunications"], "ameacas": ["ukraine", "wiper", "vpnfilter", "satellite", "acidrain", "infrastructure", "vpn vulnerability", "ka-sat", "cyberattack"], "paises": []}, {"data_criacao": "2025-11-13", "setores": [], "ameacas": ["cross-platform", "data leak", "double extortion", "kraken", "underground forum", "encryption", "ransomware", "russian-speaking"], "paises": []}, {"data_criacao": "2025-08-07", "setores": [], "ameacas": [], "paises": []}, {"data_criacao": "2025-10-14", "setores": ["Finance"], "ameacas": ["guildma", "github abuse", "banking trojan", "cryptocurrency", "steganography", "keylogging", "astaroth", "south america", "phishing"], "paises": []}, {"data_criacao": "2025-10-14", "setores": ["Finance", "Government"], "ameacas": ["stealer", "clickfix", "github", "rhadamanthys", "stealc version 2", "monsterv2", "web injection", "remote access trojan", "lumma stealer", "remcos", "soniccrypt", "cybercrime"], "paises": []}, {"data_criacao": "2025-08-07", "setores": [], "ameacas": [], "paises": []}, {"data_criacao": "2025-08-07", "setores": [], "ameacas": [], "paises": []}, {"data_criacao": "2025-11-12", "setores": ["Finance"], "ameacas": ["maverick", "whatsapp", "banking trojan", ".net", "powershell", "multi-stage attack", "coyote", "obfuscation", "brazil"], "paises": []}, {"data_criacao": "2025-11-11", "setores": ["Hospitality"], "ameacas": ["phishing", "domain registration", "malspam"], "paises": []}, {"data_criacao": "2025-11-10", "setores": ["Government", "Defense"], "ameacas": ["virustotal", "svg", "clipboard manipulation", "cve-2017-11882", "filefix", "yara", "clickfix", "cve-2017-0199", "colombia", "south asia", "shadow vector", "document-based attacks"], "paises": []}, {"data_criacao": "2025-11-10", "setores": [], "ameacas": ["anti-virus abuse", "file-sharing", "cve-2025-12480", "triofox", "remote access", "unauthenticated access", "host header attack", "privilege escalation"], "paises": []}, {"data_criacao": "2025-11-10", "setores": ["Finance"], "ameacas": ["sms", "android", "financial", "banking", "spyware", "russian", "rat", "maas", "fantasy hub"], "paises": []}, {"data_criacao": "2025-11-07", "setores": [], "ameacas": ["gambling", "spam", "malware", "indonesia", "wordpress", "seo", "online casino"], "paises": []}, {"data_criacao": "2025-11-09", "setores": ["Technology", "Finance"], "ameacas": ["ottercookie", "weaselstore", "akdoortea", "job scams", "invisibleferret", "north korea", "social engineering", "it worker fraud", "identity theft", "beavertail", "postnaptea", "tsunamikit", "tropidoor", "cryptocurrency", "ai-based deception", "malware"], "paises": []}, {"data_criacao": "2025-11-09", "setores": [], "ameacas": ["ai-generated templates", "colombia", "asyncrat", "social engineering", "svg", "dll sideloading", "latin america", "judicial system impersonation"], "paises": []}, {"data_criacao": "2025-11-10", "setores": ["Technology", "Telecommunications"], "ameacas": ["cve-2019-16920", "cve-2024-3721", "cve-2018-10561", "cve-2017-18368", "cve-2025-7414", "cve-2023-47565", "cve-2016-6277", "rondodox", "cve-2024-10914", "cve-2022-37129", "cve-2022-36553", "cve-2014-1635", "cve-2018-11714", "cve-2023-52163", "botnet", "obfuscation", "enterprise", "cve-2025-5504", "cve-2023-1389", "cve-2025-34037", "cve-2017-18369", "cve-2015-2051", "cve-2020-10987", "multi-architecture", "cve-2021-42013", "cve-2023-25280", "cve-2025-4008", "command-injection", "cve-2025-22905", "cve-2023-51833", "ddos", "cve-2023-26801", "cve-2022-44149", "iot", "cve-2021-41773", "cve-2025-1829", "persistence", "cve-2014-6271", "cve-2024-12856", "exploit", "cve-2020-27867", "cve-2024-12847", "cve-2020-25506", "cve-2024-7029"], "paises": []}, {"data_criacao": "2025-11-10", "setores": ["Aerospace", "Defense"], "ameacas": ["decryption", "backdoor", "dprk", "c2 communication", "comebacker", "north korea", "defense", "spear phishing", "aerospace"], "paises": []}, {"data_criacao": "2025-11-10", "setores": ["Government"], "ameacas": ["rat", "find hub", "remote wipe", "apt", "spear-phishing", "social engineering", "lilithrat", "remcosrat", "android", "kakaotalk", "endrat", "rftrat", "quasarrat", "google account"], "paises": []}, {"data_criacao": "2025-10-23", "setores": ["Aerospace", "Defense", "Manufacturing"], "ameacas": ["scoringmathtea", "quanpinloader", "operation dreamjob"], "paises": []}, {"data_criacao": "2025-10-10", "setores": [], "ameacas": ["purerat", "zip archive", "python", "lonenone", "pxa stealer", "telegram", "winrar", "purecrypter", "service", "purelogs", "cryptoloader", "netloader", "pythonloader", "infostealer"], "paises": []}, {"data_criacao": "2025-10-10", "setores": ["Information Technology"], "ameacas": ["ClickFix", "clipboard", "phishing", "deerstealer", "rat", "remote access", "captcha", "odyssey", "infostealer", "iuam", "clickfix generator", "macos"], "paises": []}, {"data_criacao": "2025-10-10", "setores": [], "ameacas": ["crimson collective", "amazon web services", "aws", "iam", "exfiltration", "extortion", "trufflehog", "valid accounts", "s3 bucket"], "paises": []}, {"data_criacao": "2025-10-10", "setores": ["Energy"], "ameacas": ["TwoNet", "hacktivist", "human-machine interface", "russian", "ransomware", "defacement", "overflame", "modbus", "exploit", "raas", "megamedusa"], "paises": []}, {"data_criacao": "2025-10-10", "setores": [], "ameacas": ["remote access trojan", "purerat", "purecrypter", "pureclipper", "pureminer", "vietnamese threat actor", "pxa stealer"], "paises": []}, {"data_criacao": "2025-10-10", "setores": [], "ameacas": ["cve-2023-1389", "pwn2own", "cve-2024-3721", "cve-2024-12856", "rondodox"], "paises": []}, {"data_criacao": "2025-10-09", "setores": [], "ameacas": ["goldvein.java", "cve-2025-61882", "sagegift", "sagewave", "oracle e-business suite", "goldvein"], "paises": []}, {"data_criacao": "2025-10-09", "setores": [], "ameacas": ["adaptixc2", "infrastructure analysis"], "paises": []}, {"data_criacao": "2025-10-09", "setores": [], "ameacas": ["ransomware", "lockbit", "open-source-tools", "cve-2025-6264", "data-exfiltration", "velociraptor"], "paises": []}, {"data_criacao": "2025-10-09", "setores": [], "ameacas": ["log poisoning", "nezha", "web shell", "china chopper", "server monitoring", "ghost rat", "antsword", "remote access trojan"], "paises": []}, {"data_criacao": "2025-10-09", "setores": [], "ameacas": ["windows", "data-exfiltration", "cve-2025-6264", "warlock", "babuk", "privilege-escalation", "lockbit", "velociraptor", "ransomware", "vmware"], "paises": []}, {"data_criacao": "2025-10-09", "setores": [], "ameacas": ["service finder bookings", "service finder", "authentication bypass", "exploit", "vulnerability", "wordpress", "wordfence"], "paises": []}, {"data_criacao": "2025-11-07", "setores": ["Government", "Telecommunications"], "ameacas": ["whatsapp", "cve-2025-55177", "android", "samsung", "spyware", "cve-2025-21042", "cve-2025-21043", "zero-day", "landfall", "cve-2025-43300", "dng", "commercial-grade"], "paises": []}, {"data_criacao": "2025-10-08", "setores": [], "ameacas": ["qilin", "raas", "fin12", "alphvblackcat", "kela", "bitcoin", "nova", "ryuk", "ransomware", "agenda", "tor", "onion", "wikileaks", "phishing", "supply chain attack"], "paises": []}, {"data_criacao": "2025-10-08", "setores": [], "ameacas": ["uta0388", "govershell", "llms", "powershell", "randomdir8char", "websocket", "persistence", "govershell c2", "archive file", "zip", "rar", "phishing"], "paises": []}, {"data_criacao": "2025-11-07", "setores": ["Hospitality"], "ameacas": ["phishing", "social engineering", "clickfix", "hospitality", "booking.com", "purerat", "cybercrime"], "paises": []}, {"data_criacao": "2025-11-05", "setores": ["Retail", "Transportation", "Insurance", "Technology"], "ameacas": ["conti", "dragonforce", "social engineering", "global", "scattered spider", "ransomware", "cartel", "byovd", "encryption", "mamona", "devman", "affiliate program"], "paises": []}, {"data_criacao": "2025-11-07", "setores": ["NGO"], "ameacas": ["north korea", "human rights defenders", "persistence", "code signing", "remote access trojan", "c2 protocol", "autoit", "endclient rat"], "paises": []}, {"data_criacao": "2025-11-07", "setores": ["Government"], "ameacas": ["open-source tools", "trojan.packed2.49708", "telegram api", "data theft", "backdoor.shellnet.2", "network infiltration", "backdoor.reverseshell.10", "backdoor.tunnel.41", "trojan.inject5.57968", "bat.downloader.1138", "trojan.siggen31.54011", "backdoor.shellnet.1", "trojan.filespynet.5", "reverse-shell", "backdoor.reverseproxy.1", "phishing", "backdoor.rshell.169", "backdoors", "russian government", "backdoor.siggen2.5463", "trojan.packed2.49862"], "paises": []}, {"data_criacao": "2025-11-07", "setores": ["Government", "NGO"], "ameacas": ["cve-2017-17562", "deed rat", "espionage", "persistence", "cve-2021-44228", "cve-2017-9805", "dcsync", "policy influence", "domain controllers", "space pirates", "apt41", "kelp", "china", "cve-2022-26134", "dll sideloading"], "paises": []}, {"data_criacao": "2025-11-07", "setores": [], "ameacas": ["cryptocurrency", "persistence", "two-stage", "injection", "polymorphic", "leakystealer", "data-exfiltration", "browser-history", "leakyinjector"], "paises": []}, {"data_criacao": "2025-11-07", "setores": [], "ameacas": ["gunpowder plot", "threat intelligence", "history", "uk", "guy fawkes", "cybersecurity", "hacktivism"], "paises": []}, {"data_criacao": "2025-10-08", "setores": [], "ameacas": ["java exploitation", "template injection", "oracle e-business suite", "weblogic", "arbitrary code execution", "cve-2025-61882", "backdoor"], "paises": []}, {"data_criacao": "2025-11-06", "setores": ["Technology", "Telecommunications"], "ameacas": ["castleloader", "neutrality", "systembc", "transit", "cybercrime", "lumma", "redline stealer", "phorpiex", "disinformation", "dcrat", "asyncrat", "sanctions", "meduza stealer", "cobalt strike", "thc hydra", "amadey", "stealc", "hosting", "infrastructure", "remcos rat", "upstream", "tinyloader", "abuse", "moobot", "bianlian", "aurologic", "destiny stealer", "quasarrat", "latrodectus", "svcstealer", "rhadamanthys stealer", "darkcomet", "vidar", "dark crystal rat", "risepro stealer", "aurotun", "castlerat", "sliver"], "paises": []}, {"data_criacao": "2025-11-06", "setores": [], "ameacas": ["vanilla tempest", "lateral movement", "noberus", "ransomware", "obfuscation", "gootloader", "quantum locker", "seo poisoning", "rhysida", "wordpress exploitation", "zeppelin", "javascript", "blackcat", "alphv", "supper socks5 backdoor"], "paises": []}, {"data_criacao": "2025-04-16", "setores": ["Education", "Healthcare"], "ameacas": ["berserkstealer", "clickfix", "interlock rat", "double extortion", "ransomware", "remote access trojan", "interlock ransomware", "credential stealer", "fake updaters", "powershell backdoor", "lumma"], "paises": []}, {"data_criacao": "2025-08-29", "setores": ["Education", "Healthcare"], "ameacas": ["aes-256-gcm", "code obfuscation", "file encryption", "ransomware", "openssl", "north america", "interlock", "europe", "rsa-4096", "data theft"], "paises": []}, {"data_criacao": "2025-11-05", "setores": ["Government"], "ameacas": ["credential harvesting", "isl online", "minibike", "rmm tools", "phishing", "overlapping ttps", "policy experts targeting", "minijunk", "espionage", "pdqconnect", "attribution challenges", "iranian threat actor"], "paises": []}, {"data_criacao": "2025-11-05", "setores": ["Defense"], "ameacas": ["tor hidden service", "defense sector", "openssh", "military lure", "obfs4", "uav operations", "ssh-tor backdoor", "belarusian air force"], "paises": []}, {"data_criacao": "2025-11-05", "setores": ["Finance"], "ameacas": ["telegram", "miuuti group", "ghost", "gambling industry", "msi installer", "golden eye dog", "southeast asia", "watering hole", "chinese communities"], "paises": []}, {"data_criacao": "2025-11-05", "setores": ["Finance"], "ameacas": ["cryptocurrency", "android", "trojan", "banking malware", "android/trojan.spy.banker.aur9b9b491bc44", "accessibility services", "southeast asia", "overlay attack"], "paises": []}, {"data_criacao": "2025-11-05", "setores": ["Government", "Mining", "Transportation", "Telecommunications"], "ameacas": ["espionage", "central asia", "silentsweeper", "reverse shell", "powershell", "russia", "apt", "silent loader", "laplas", "azerbaijan", "china", "ligolo-ng", ".net"], "paises": []}, {"data_criacao": "2025-10-06", "setores": ["Crypto", "Financial", "Government", "Manufacturing", "Technology", "Education", "Construction"], "ameacas": ["malware", "phishing", "whatsapp", "brazil", "whatsapp web", "c server", "water saci", "lnk file", "powershell", "loader", "bradesco", "persistence", "format", "brazilian", "turn", "telegram", "watsonclient", "SORVEPOTEL"], "paises": []}, {"data_criacao": "2025-11-05", "setores": ["Technology", "Finance", "Government"], "ameacas": ["cve-2025-61882", "cve-2023-0669", "cyclops blink", "cryptomix", "infrastructure", "oracle ebs", "cve-2023-34362", "ransomware", "fingerprints", "ip addresses", "network analysis"], "paises": []}, {"data_criacao": "2025-11-05", "setores": [], "ameacas": ["kerberos", "powershell", "reverse shell", "virtualization", "hyper-v", "persistence", "alpine linux", "evasion", "lateral movement", "curlcat", "curlyshell", "proxy"], "paises": []}, {"data_criacao": "2025-11-05", "setores": [], "ameacas": ["github", "vhdx", "recruitment", "spyglace", "spear-phishing", "east asia", "downloader1", "com hijacking", "rc4", "downloader2"], "paises": []}, {"data_criacao": "2025-10-06", "setores": ["Government", "Defense", "Transportation"], "ameacas": ["south asia", "apt", "government", "phishing", "credential harvesting", "military"], "paises": []}, {"data_criacao": "2025-10-06", "setores": [], "ameacas": ["warmcookie", "malware-as-a-service", "castlebot", "backdoor"], "paises": []}, {"data_criacao": "2025-10-06", "setores": [], "ameacas": ["security alert", "remote code execution", "oracle e-business suite", "cve-2025-61882"], "paises": []}, {"data_criacao": "2025-09-05", "setores": [], "ameacas": ["cybercrime", "iptv", "xuione", "piracy", "digital content", "infrastructure mapping", "streaming", "brand protection", "tiyansoft"], "paises": []}, {"data_criacao": "2025-11-03", "setores": ["Transportation"], "ameacas": ["screenconnect", "lumma stealer", "phishing", "simplehelp", "cargo theft", "fleetdeck", "n-able", "logmein resolve", "danabot", "trucking", "logistics", "cybercrime", "netsupport", "social engineering", "supply chain", "stealc", "remote monitoring tools", "pdq connect"], "paises": []}, {"data_criacao": "2025-11-03", "setores": [], "ameacas": ["generative ai", "reverse engineering", "chatgpt", "xloader", "encryption", "obfuscation", "ioc extraction", "malware analysis"], "paises": []}, {"data_criacao": "2025-11-03", "setores": ["Government", "Mining", "Transportation", "Telecommunications"], "ameacas": ["china", "russia", "powershell", "tajikistan", "espionage", "reverse shell", "apt", "silent loader", "central asia", "laplas", "silentsweeper", "ligolo-ng", "github", "azerbaijan"], "paises": []}, {"data_criacao": "2025-10-23", "setores": ["Manufacturing", "Technology", "Finance", "Healthcare"], "ameacas": ["ransomware", "coroxy", "byovd"], "paises": []}, {"data_criacao": "2025-11-01", "setores": ["Energy"], "ameacas": ["identity compromise", "trufflehog", "credential abuse", "cloud infrastructure", "coroxy", "systembc", "aws", "bec", "portainer", "trufflenet", "xmrig", "ses"], "paises": []}, {"data_criacao": "2025-11-03", "setores": [], "ameacas": ["latrodectus", "initial access", "microsoft trusted signing", "oysterloader", "code-signing", "ransomware", "malvertising"], "paises": []}, {"data_criacao": "2025-10-02", "setores": [], "ameacas": ["data exfiltration", "android/spy.tospy", "signal", "uae", "totok", "persistence", "app impersonation", "spyware", "android/spy.prospy", "phishing", "android"], "paises": []}, {"data_criacao": "2025-10-02", "setores": ["Education", "Technology", "Telecommunications"], "ameacas": ["chinese-speaking", "web shells", "data theft", "seo fraud", "badiis", "cybercrime", "iis servers", "cobalt strike"], "paises": []}, {"data_criacao": "2025-10-02", "setores": [], "ameacas": ["persistence", "seo poisoning", "malvertising", "oyster backdoor", "microsoft teams", "c2 communication", "dll sideloading", "trojanized installer", "broomstick", "oyster"], "paises": []}, {"data_criacao": "2025-10-02", "setores": ["Government", "Energy", "Manufacturing"], "ameacas": ["telegram", "manufacturing", "russia", "phishing", "energy", "mining", "foalshell", "kyrgyzstan", "asyncrat", "rat", "reverse shell", "government", "stallionrat"], "paises": []}, {"data_criacao": "2025-10-31", "setores": ["Defense", "Government"], "ameacas": ["ssh", "tor", "powershell", "military", "espionage", "obfuscation", "belarus", "russia"], "paises": []}, {"data_criacao": "2025-10-01", "setores": [], "ameacas": ["evasion", "encryption", "configurability", "rhadamanthys", "stealer", "png payload", "custom formats"], "paises": []}, {"data_criacao": "2025-10-31", "setores": ["Defense", "Government"], "ameacas": ["bec attacks", "powershower", "apt"], "paises": []}, {"data_criacao": "2025-10-31", "setores": ["Finance"], "ameacas": ["lampion", "clickfix", "banking trojan", "lampion stealer"], "paises": []}, {"data_criacao": "2025-10-31", "setores": [], "ameacas": ["std rat", "propionanilide", "uwudisrat", "minecraft rat", "propionanilide rat", "discord"], "paises": []}, {"data_criacao": "2025-10-31", "setores": ["Government"], "ameacas": ["purehvnc", "hijackloader", "phishing"], "paises": []}, {"data_criacao": "2025-10-31", "setores": [], "ameacas": ["purehvnc", "loader", "murmurhash2", "code injection", "tornet"], "paises": []}, {"data_criacao": "2025-10-31", "setores": [], "ameacas": ["cryptocurrency mining", "sharpire", "xmrig", "h2miner", "activemq", "powershell empire", "cobaltstrike", "cve-2023-46604", "meterpreter", "vulnerability exploitation"], "paises": []}, {"data_criacao": "2025-10-31", "setores": ["Finance"], "ameacas": ["overlay attacks", "cryptocurrency theft", "android/bankbot-ynrk", "banking trojan", "android"], "paises": []}, {"data_criacao": "2025-10-31", "setores": ["Government"], "ameacas": ["canonstager", "dll side-loading", "spearphishing", "plugx", "diplomatic targeting", "zdi-can-25373"], "paises": []}, {"data_criacao": "2025-10-31", "setores": [], "ameacas": ["havoc", "oaed loader", "cve-2025-61932", "zero-day", "gokcpdoor", "lanscope"], "paises": []}, {"data_criacao": "2025-10-01", "setores": ["Government", "Telecommunications"], "ameacas": ["belgium", "csam", "cellular routers", "smishing", "phishing", "ebox", "vulnerability", "cve-2023-43261", "api exploitation"], "paises": []}, {"data_criacao": "2025-10-01", "setores": [], "ameacas": ["socks5", "c2", "blackbasta", "obfuscation", "ghostsocks", "maas", "lummastealer", "residential proxy", "double victimization", "golang"], "paises": []}, {"data_criacao": "2025-10-01", "setores": [], "ameacas": ["dictionary attack", "juicypotato", "privilege escalation", "ms-sql", "c2 framework", "coinminer", "brute force", "xiebroc2"], "paises": []}, {"data_criacao": "2025-10-23", "setores": ["Telecommunications", "Government", "Education", "Finance"], "ameacas": ["krustyloader", "toolshell", "warlock", "telecoms", "sliver", "zingdoor", "shadowpad"], "paises": []}, {"data_criacao": "2025-09-25", "setores": ["Technology", "Finance"], "ameacas": ["north korea", "weaselstore", "cryptocurrency", "social engineering", "information theft", "postnaptea", "ottercookie", "tropidoor", "multiplatform", "tsunamikit", "job offers", "remote access", "beavertail", "akdoortea", "invisibleferret"], "paises": []}, {"data_criacao": "2025-10-29", "setores": [], "ameacas": ["proxy", "infrastructure", "orb", "vps", "polaredge", "command execution", "iot", "cve-2023-20118", "evasion", "rpx_server", "rpx_client", "botnet"], "paises": []}, {"data_criacao": "2025-10-29", "setores": [], "ameacas": ["vbscript", "living-off-the-land", "xmrig", "defense-evasion", "worm", "persistence", "cryptomining", "usb"], "paises": []}, {"data_criacao": "2025-10-29", "setores": ["Technology", "Consulting", "Finance", "Government", "Telecommunications", "Real Estate", "Construction", "Professional Services", "Education"], "ameacas": ["clickup", "lockbit 5.0", "phishing", "google careers", "cloud abuse", "tykit", "credential theft", "figma", "ransomware", "lockbit"], "paises": []}, {"data_criacao": "2025-09-29", "setores": [], "ameacas": ["cobalt strike", "backconnect", "credential-harvesting", "javascript", "cobalt-strike", "data-exfiltration", "brute-ratel", "lateral-movement", "latrodectus", "brute ratel c4"], "paises": []}, {"data_criacao": "2025-10-29", "setores": ["Technology", "Defense", "Government"], "ameacas": ["nation-state", "airstalk", "supply chain"], "paises": []}, {"data_criacao": "2025-10-29", "setores": [], "ameacas": ["remote-control", "ransomware", "trigona"], "paises": []}, {"data_criacao": "2025-10-29", "setores": ["Finance"], "ameacas": ["ghostgrab", "cryptocurrency mining", "banking trojan", "sms interception", "android"], "paises": []}, {"data_criacao": "2025-10-29", "setores": ["Government", "Telecommunications"], "ameacas": ["trinper", "cobalt strike", "dante", "TaxOff", "Team46"], "paises": []}, {"data_criacao": "2025-09-29", "setores": [], "ameacas": ["steganography", "rat", "phishing", "obfuscation", "shellcode", "reflective dll injection", ".net", "xworm", "multi-stage attack"], "paises": []}, {"data_criacao": "2025-10-28", "setores": ["Finance"], "ameacas": ["banking trojan", "mqtt", "behavior mimicry", "herodotus", "remote control", "device takeover", "octo", "brokewell", "credential theft", "hook", "android", "malware-as-a-service"], "paises": []}, {"data_criacao": "2025-10-28", "setores": ["Technology", "Finance"], "ameacas": ["zoomclutch", "rootroy", "sysphon", "silentsiphon", "sneakmain", "cosmicdoor", "cryptocurrency"], "paises": []}, {"data_criacao": "2025-10-28", "setores": [], "ameacas": ["cve-2025-8088", "shadowpad", "snappybee", "winrar"], "paises": []}, {"data_criacao": "2025-10-27", "setores": ["Finance"], "ameacas": ["sorvepotel", "banking trojan", "vbs", "coyote", "anti-analysis"], "paises": []}, {"data_criacao": "2025-10-27", "setores": [], "ameacas": ["tightvnc", "dreamloaders", "dreamjob"], "paises": []}, {"data_criacao": "2025-10-27", "setores": ["Media", "Education", "Government", "Finance"], "ameacas": ["zero-day", "sandbox escape", "dante", "leetagent"], "paises": []}, {"data_criacao": "2025-10-27", "setores": ["Manufacturing", "Professional and scientific services", "Wholesale trade", "Healthcare", "Construction", "Retail", "Education", "Finance"], "ameacas": ["manufacturing", "ransomware", "systembc", "cobalt strike", "qilin"], "paises": []}, {"data_criacao": "2025-09-27", "setores": [], "ameacas": ["credential theft", "cve-2024-40766", "ransomware", "ssl vpn", "infrastructure rotation", "rapid exploitation", "akira", "sonicwall", "cve-2023-20269", "cve-2020-3259"], "paises": []}, {"data_criacao": "2025-09-26", "setores": [], "ameacas": ["browser-in-the-middle", "phishing", "bitm"], "paises": []}, {"data_criacao": "2025-09-25", "setores": ["Technology", "Telecommunications"], "ameacas": ["morte", "cve-2012-1823", "soho routers", "cve-2019-17574", "cve-2019-16759", "botnet", "mirai", "iot", "cryptomining", "loader-as-a-service", "command injection", "rondodox"], "paises": []}, {"data_criacao": "2025-09-25", "setores": ["Government"], "ameacas": ["apt", "pubload", "toneshell", "infrastructure", "china", "southeast asia", "victimology", "bookworm", "attribution", "malware"], "paises": []}, {"data_criacao": "2025-09-25", "setores": [], "ameacas": ["icedid", "vps", "cybercrime", "ransomware", "proxy", "botnet", "avoslocker", "ngioweb", "rem proxy", "morpheus", "trickbot", "transferloader", "malicious traffic", "infrastructure", "systembc"], "paises": []}, {"data_criacao": "2025-09-25", "setores": [], "ameacas": ["dragonrank", "iis module", "seo poisoning", "group 9", "chinese-speaking", "vietnam", "web shells", "badiis"], "paises": []}, {"data_criacao": "2025-09-25", "setores": [], "ameacas": ["cve-2017-5259", "encryption", "cve-2022-35733", "cve-2013-5948", "botnet", "vulnerabilities", "firmware", "aisuru", "cve-2013-1599", "cve-2023-28771", "airashi", "cve-2022-44149", "cve-2024-3721", "cybercrime", "cve-2013-3307", "proxy", "cve-2023-50381", "ddos", "router"], "paises": []}, {"data_criacao": "2025-09-24", "setores": ["Defense", "Government", "Technology", "Aerospace", "Energy", "Manufacturing", "Finance", "Transportation"], "ameacas": ["cyber-espionage", "sparkrat", "aerospace", "defense", "technology", "leslieloader", "cobalt strike", "perimeter appliances", "pantegana", "chinese state-sponsored"], "paises": []}, {"data_criacao": "2025-10-24", "setores": ["Finance", "Healthcare", "Government", "Retail", "Technology", "Transportation"], "ameacas": ["phaas", "phishing", "smishing"], "paises": []}, {"data_criacao": "2025-10-23", "setores": [], "ameacas": ["compromised accounts", "redline", "rhadamanthys", "lumma", "0debug", "stealc", "ghost network", "hijackloader", "youtube"], "paises": []}, {"data_criacao": "2025-10-24", "setores": ["Government", "Technology"], "ameacas": ["f5 big-ip", "brickstorm"], "paises": []}, {"data_criacao": "2025-10-24", "setores": ["Technology", "Government"], "ameacas": ["squidoor", "byovd", "dll sideloading"], "paises": []}, {"data_criacao": "2025-10-24", "setores": [], "ameacas": ["remote administration tools", "clickfix", "netsupport rat"], "paises": []}, {"data_criacao": "2025-10-23", "setores": ["Advertising", "Marketing", "Media"], "ameacas": ["fake job postings", "credential theft", "remote access trojans", "digital advertising", "social engineering"], "paises": []}, {"data_criacao": "2025-10-23", "setores": ["Defense", "Government"], "ameacas": ["deskrat", "government"], "paises": []}, {"data_criacao": "2025-10-23", "setores": ["Government", "Healthcare", "Engineering", "Technology"], "ameacas": ["lockbit", "warlock", "ransomware", "anylock", "espionage"], "paises": []}, {"data_criacao": "2025-09-23", "setores": ["Telecommunications", "Manufacturing"], "ameacas": ["telecommunications", "manufacturing", "plugx", "rainyday", "backdoordiplomacy", "naikon", "turian", "chinese apt", "dll hijacking", "apt"], "paises": []}, {"data_criacao": "2025-10-23", "setores": [], "ameacas": ["wazuh", "botnet", "mirai", "cve-2025-24016"], "paises": []}, {"data_criacao": "2025-10-22", "setores": ["Government", "NGO"], "ameacas": ["android", "coldriver", "websocket rat", "ukraine", "powershell", "ngos", "spearphishing", "captcha"], "paises": []}, {"data_criacao": "2025-10-23", "setores": ["Government", "Energy", "Defense"], "ameacas": ["winrar vulnerability", "apt-q-37"], "paises": []}, {"data_criacao": "2025-09-23", "setores": ["Government"], "ameacas": ["badiis", "dragonrank", "operation rewrite", "web shells", "seo poisoning", "chinese threat actor", "iis modules", "group 9"], "paises": []}, {"data_criacao": "2025-10-22", "setores": [], "ameacas": ["remote command execution", "rootkit", "wingtbcli", "hijackserver", "asp .net", "iis", "cryptocurrency", "hijackdrivermanager", "seo"], "paises": []}, {"data_criacao": "2025-10-22", "setores": ["Gaming"], "ameacas": ["discord", "gaming", "surveillance", "token theft", "rat", "nursultan client", "python", "minecraft", "telegram"], "paises": []}, {"data_criacao": "2025-10-22", "setores": ["Retail", "Finance"], "ameacas": ["microsoft 365", "phishing", "identity-based threats", "cloud-based attacks", "gift card fraud", "smishing"], "paises": []}, {"data_criacao": "2025-10-22", "setores": [], "ameacas": ["africa", "eastern europe", "steganography", "loader-as-a-service", "katz stealer", "brazil", "south america", "remcos rat", "xworm", "fileless execution", "caminho loader"], "paises": []}, {"data_criacao": "2025-10-21", "setores": [], "ameacas": ["botnet", "iot", "mirai", "upx packing", "ddos"], "paises": []}, {"data_criacao": "2025-09-22", "setores": ["Government"], "ameacas": ["process hollowing", "apt", "east asia", "persistence", "havoc rat", "dll sideloading", "trojan"], "paises": []}, {"data_criacao": "2025-10-21", "setores": ["Construction", "Finance", "Government", "Telecommunications", "Education", "Technology", "Manufacturing", "Retail", "Transportation"], "ameacas": ["svg", "microsoft 365", "phishing", "multi-stage attack", "credential theft", "cloudflare turnstile", "tykit"], "paises": []}, {"data_criacao": "2025-10-21", "setores": ["Technology"], "ameacas": ["self-propagating", "vscode", "extension", "glassworm", "openvsx", "worm", "unicode", "credential-theft", "blockchain", "solana"], "paises": []}, {"data_criacao": "2025-10-21", "setores": [], "ameacas": ["scheduled tasks", "self-compiling", "tiktok", "powershell", "social engineering", "aurostealer", "shellcode injection"], "paises": []}, {"data_criacao": "2025-10-21", "setores": [], "ameacas": ["browser extension", "chrome", "manual installation", "social engineering", "phishing", "credential theft", "mac spoofer"], "paises": []}, {"data_criacao": "2025-10-21", "setores": ["Government", "Finance", "Manufacturing"], "ameacas": ["cyberespionage", "multi-stage loading", "c2 communication", "attribution challenges", "cobalt strike", "sql exploitation", "server security", "neuralexecutor", "passiveneuron", "windows server", "neursite"], "paises": []}, {"data_criacao": "2025-10-21", "setores": [], "ameacas": ["microsoft impersonation", "browser manipulation", "tech support scam", "payment lure", "social engineering", "phishing", "fake captcha"], "paises": []}, {"data_criacao": "2025-10-21", "setores": ["NGO", "Government"], "ameacas": ["coldcopy", "backdoor", "lostkeys", "russian state-sponsored", "powershell"], "paises": []}, {"data_criacao": "2025-10-20", "setores": ["Telecommunications", "Government", "Energy", "Technology"], "ameacas": ["snappybee", "citrix", "telecommunications", "cve-2024-40766", "dll sideloading"], "paises": []}, {"data_criacao": "2025-09-20", "setores": [], "ameacas": ["multi-stage-execution", "rootkit", "data-exfiltration", "xfiles spyware", "persistence", "deerstealer", "uac-bypass", "information-stealing", "stealth"], "paises": []}, {"data_criacao": "2025-10-20", "setores": ["Finance"], "ameacas": ["fakecaptcha", "icedid", "msi downloader", "latrodectus"], "paises": []}, {"data_criacao": "2025-10-20", "setores": [], "ameacas": ["ratatouille", "info stealer", "ottercandy", "beavertail", "clickfake interview", "ottercookie", "frostyferret", "golangghost"], "paises": []}, {"data_criacao": "2025-09-19", "setores": ["Technology", "Healthcare"], "ameacas": ["rat", "silentsync", "supply chain", "python packages", "typosquatting", "pypi", "remote access", "data theft"], "paises": []}, {"data_criacao": "2025-09-19", "setores": ["Technology", "Telecommunications"], "ameacas": ["phishing", "open directories", "screenconnect", "remote access trojan", "powershell rat", "c2 infrastructure", "payload staging", "persistence", "asyncrat", "cve-2025-3935", "obfuscation"], "paises": []}, {"data_criacao": "2025-09-19", "setores": ["Government", "Defense"], "ameacas": ["fsb", "pterographin", "ukraine", "pterolnk", "pteroeffigy", "apt", "collaboration", "pteroodd", "kazuar", "pteropaste", "cyberespionage", "russia", "pterostew"], "paises": []}, {"data_criacao": "2025-09-19", "setores": [], "ameacas": ["adaptixc2", "malware loader", "purehvnc", "lumma stealer", "phishing", "jscript", "initial access broker", ".net", "cobaltstrike", "ukraine", "countloader", "powershell", "ransomware", "evasion techniques"], "paises": []}, {"data_criacao": "2025-09-18", "setores": ["Government", "Media"], "ameacas": ["elections", "deepfakes", "ai-generated content", "ukraine", "political fragmentation", "social media", "disinformation", "russian influence"], "paises": []}, {"data_criacao": "2025-09-18", "setores": ["Technology"], "ameacas": ["data-exfiltration", "supply-chain-attack", "silentsync", "pypi", "browser-data-theft", "python", "rat", "typosquatting"], "paises": []}, {"data_criacao": "2025-10-17", "setores": [], "ameacas": ["seo spam", "website security", "content management systems", "web vulnerabilities", "search engine rankings", "hidden links", "black hat seo"], "paises": []}, {"data_criacao": "2025-10-17", "setores": [], "ameacas": ["adaptixc2", "post-exploitation", "npm", "multi-platform", "supply-chain"], "paises": []}, {"data_criacao": "2025-10-16", "setores": [], "ameacas": ["incident response", "small businesses", "ransomware", "psychological impact", "cryptocurrency theft", "job seekers", "credential theft", "beavertail", "ottercookie", "north korea"], "paises": []}, {"data_criacao": "2025-10-16", "setores": ["Technology", "Finance"], "ameacas": ["invisibleferret", "smart contracts", "blockchain", "lumastealer", "etherhiding", "cryptocurrency theft", "beavertail", "social engineering", "jadesnow", "north korea"], "paises": []}, {"data_criacao": "2025-10-16", "setores": [], "ameacas": ["phishing", "credential theft", "password manager", "lastpass", "social engineering"], "paises": []}, {"data_criacao": "2025-10-16", "setores": ["Finance", "Technology"], "ameacas": ["vs code extension", "beavertail", "north korea", "dprk", "cryptocurrency", "pylangghost", "chessfi", "keylogger", "ottercookie", "node.js", "golangghost", "invisibleferret"], "paises": []}, {"data_criacao": "2025-09-16", "setores": [], "ameacas": ["stealc", "phishing", "infostealer", "obfuscation", "filefix", "social engineering", "multistage payload", "steganography"], "paises": []}, {"data_criacao": "2025-09-16", "setores": ["Government", "Defense"], "ameacas": ["rokrat", "cab files", "rat", "powershell", "south korea", "spear phishing", "xenorat", "lnk files", "apt"], "paises": []}, {"data_criacao": "2025-10-15", "setores": ["Government"], "ameacas": ["custom tools", "babshell", "stom exfiltrator", "foreign affairs", "memloader hidendesk", "whatsapp exploitation", "memloader edge", "uplo exfiltrator", "government targets", "remcos", "chromestealer exfiltrator", "vrat", "exfiltration", "apt", "asia-pacific", "spear phishing"], "paises": []}, {"data_criacao": "2025-09-16", "setores": [], "ameacas": ["evasion techniques", "persistence", "anti-analysis", "smoke", "dofoil", "smokeloader", "version 2025", "malware loader", "network protocol", "bug fixes"], "paises": []}, {"data_criacao": "2025-08-28", "setores": [], "ameacas": ["driver abuse", "kernel exploitation", "signature manipulation", "valleyrat", "byovd", "process termination", "vulnerable driver", "edr evasion"], "paises": []}, {"data_criacao": "2025-09-15", "setores": [], "ameacas": ["credential theft", "ransomware", "certificate export", "akira", "vpn exploit", "sonicwall", "recovery codes"], "paises": []}, {"data_criacao": "2025-09-15", "setores": ["Government", "Defense", "Transportation"], "ameacas": ["india", "cross-border", "smss.exe", "phishing", "cyberattacks", "hacktivism", "sysaid.exe", "ddos", "103.97.128.77#clientsetup.exe", "fshost64.exe", "defacement", "svchost.exe", "data breach", "manc.exe"], "paises": []}, {"data_criacao": "2025-09-15", "setores": [], "ameacas": ["api exfiltration", "salesforce", "extortion", "data theft", "social engineering", "shinyhunters", "vishing", "oauth"], "paises": []}, {"data_criacao": "2025-09-15", "setores": ["Defense", "Government"], "ameacas": ["ai", "apt", "deepfake", "obfuscation", "south korea", "spear-phishing", "autoit", "chatgpt", "military"], "paises": []}, {"data_criacao": "2025-10-15", "setores": [], "ameacas": ["ivanti", "credential theft", "trojanized installer", "akira", "vpn", "seo poisoning", "akira ransomware", "pulse secure"], "paises": []}, {"data_criacao": "2025-10-14", "setores": ["Finance"], "ameacas": ["rust", "discord", "evasion", "command and control", "chaosbot", "backdoor", "vietnam", "reconnaissance"], "paises": []}, {"data_criacao": "2025-10-13", "setores": ["Government"], "ameacas": ["asyncrat", "phishing", "judicial notification", "anti-vm", ".hta", ".svg", "powershell", "data theft", "colombia", "obfuscation"], "paises": []}, {"data_criacao": "2025-10-11", "setores": [], "ameacas": ["single executable application", "cryptocurrency", "anti-analysis", "information theft", "node.js", "obfuscation", "stealit", "rat"], "paises": []}, {"data_criacao": "2025-09-12", "setores": [], "ameacas": ["phishing", "infostealer", "castleloader", "lumma", "hijackloader", "castlebot", "anti-vm", "obfuscation", "nekostealer", "powershell", "multi-stage", "deerstealer"], "paises": []}, {"data_criacao": "2025-09-12", "setores": ["Energy"], "ameacas": ["energy sector", "httrack", "credential harvesting", "phishing", "investment scams", "keitaro", "website cloning", "rhadamanthys", "domain impersonation", "brand abuse"], "paises": []}, {"data_criacao": "2025-09-11", "setores": ["Government", "Defense"], "ameacas": ["espionage", "usb worm", "yokai", "china", "thailand", "toneshell", "pubload", "backdoor", "snakedisk"], "paises": []}, {"data_criacao": "2025-09-10", "setores": ["Defense"], "ameacas": ["eggstremefuel", "eggstremereflectiveloader", "stowaway", "military", "apt", "espionage", "eggstreme", "eggstremewizard", "philippines", "backdoor", "eggstremeloader", "dll sideloading", "keylogger", "fileless malware", "eggstremekeylogger", "eggstremeagent"], "paises": []}, {"data_criacao": "2025-09-10", "setores": [], "ameacas": ["kkrat", "fatalrat", "ghost rat", "byovd", "remote access trojan", "valleyrat", "big bad wolf", "chinese-speaking"], "paises": []}, {"data_criacao": "2025-09-10", "setores": ["Government"], "ameacas": ["macos", "dns", "c2", "persistence", "password-cracking", "modular", "notarized", "backdoor", "http", "matanbuchus", "chillyhell"], "paises": []}, {"data_criacao": "2025-10-10", "setores": [], "ameacas": ["ClayRat", "Spyware", "phishing", "SMS"], "paises": []}, {"data_criacao": "2025-09-10", "setores": [], "ameacas": ["remote access trojan", "zynorrat", "go-based", "turkish", "linux", "telegram", "windows", "c2"], "paises": []}, {"data_criacao": "2025-09-10", "setores": [], "ameacas": ["infostealer", "cryptocurrency", "salat stealer", "evasion", "persistence", "go-based", "maas", "russian-speaking", "web_rat", "windows"], "paises": []}, {"data_criacao": "2025-09-10", "setores": ["Finance", "Healthcare", "Manufacturing"], "ameacas": ["automation", "direct send", "qr codes", "user agent", "axios", "phishing", "api exploitation", "credential theft"], "paises": []}, {"data_criacao": "2025-10-09", "setores": [], "ameacas": ["ransomware", "blacksnake", "cryptocurrency theft", "lucky_gh0$t"], "paises": []}, {"data_criacao": "2025-09-08", "setores": [], "ameacas": ["data exfiltration", "grixba", "systembc", "multi-group affiliation", "betruger", "ransomware", "lateral movement", "sectoprat"], "paises": []}, {"data_criacao": "2025-10-08", "setores": [], "ameacas": ["evasion", "browser targeting", "system reconnaissance", "data exfiltration", "telegram bot", "persistence", "shuyal stealer", "infostealer", "powershell"], "paises": []}, {"data_criacao": "2025-10-08", "setores": [], "ameacas": ["phpmyadmin", "log poisoning", "nezha", "ghost rat", "mariadb", "china-linked", "antsword", "web applications"], "paises": []}, {"data_criacao": "2025-10-08", "setores": [], "ameacas": ["windows", "brickstorm", "vpxd", "backup scan", "linux", "sentinel", "silk typhoon", "systemconfiguration", "unc5221", "zero-day", "socks proxy", "ssh", "vcenter"], "paises": []}, {"data_criacao": "2025-09-08", "setores": [], "ameacas": ["oauth tokens", "credential harvesting", "data theft", "salesforce", "salesloft drift", "supply chain"], "paises": []}, {"data_criacao": "2025-09-08", "setores": [], "ameacas": ["authentication", "drift integration", "user-agent strings", "network traffic", "supplychain"], "paises": []}, {"data_criacao": "2025-09-08", "setores": ["Government", "Technology", "Defense"], "ameacas": ["north korea", "hybrid attribution", "phishing", "rootkit", "vmmisc.ko", "credential theft", "south korea", "gpki", "ocr", "taiwan"], "paises": []}, {"data_criacao": "2025-09-08", "setores": ["Technology"], "ameacas": ["gpugate", "malvertising", "gpu-gated decryption", "amos stealer", "opencl", "anti-analysis", "western europe"], "paises": []}, {"data_criacao": "2025-09-08", "setores": ["Education", "Healthcare", "Insurance", "Transportation", "Technology", "Retail"], "ameacas": ["zunput", "rungan", "privilege escalation", "gamshen", "seo fraud", "iis module", "windows servers", "backdoor", "china-aligned", "comdai"], "paises": []}, {"data_criacao": "2025-10-06", "setores": [], "ameacas": ["powershell", "phishing", "Xworm", "rat", "javascript", "remote desktop", "file manager", "amsi bypass"], "paises": []}, {"data_criacao": "2025-10-06", "setores": ["Finance", "Government", "Technology"], "ameacas": ["social engineering", "lure websites", "spoofed domains", "trojans", "windows malware", "credential theft", "android malware"], "paises": []}, {"data_criacao": "2025-10-04", "setores": ["Manufacturing"], "ameacas": ["yurei", "ransomware", "double-extortion"], "paises": []}, {"data_criacao": "2025-09-05", "setores": ["Energy"], "ameacas": ["central asia", "dll injection", "russian threat actor", "downshell", "amsi bypass", "oil and gas", "spear-phishing", "kazakhstan", "powershell"], "paises": []}, {"data_criacao": "2025-09-05", "setores": [], "ameacas": ["c2 communication", "trojanized software", "uac bypass", "nightshadec2", "lumma stealer", "sandbox evasion", "keylogging", "botnet"], "paises": []}, {"data_criacao": "2025-09-04", "setores": ["Education", "Healthcare", "Insurance", "Transportation", "Technology", "Retail"], "ameacas": ["zunput", "comdai", "china-aligned", "seo fraud", "windows servers", "privilege escalation", "rungan", "iis module", "backdoor", "gamshen"], "paises": []}, {"data_criacao": "2025-09-04", "setores": ["Finance", "Technology"], "ameacas": ["cyber espionage", "social engineering", "north korea", "job seeker targeting", "clickfix", "lazarus", "infrastructure monitoring", "cryptocurrency", "contagiousdrop"], "paises": []}, {"data_criacao": "2025-09-04", "setores": ["Energy"], "ameacas": ["powershell", "dll injection", "spear-phishing", "infrastructure", "amsi bypass", "oil and gas", "downshell"], "paises": []}, {"data_criacao": "2025-09-03", "setores": ["Finance"], "ameacas": ["financial", "rat", "themeforestrat", "zero-day", "remotepe", "poolrat", "pondrat", "cryptocurrency", "social engineering"], "paises": []}, {"data_criacao": "2025-09-03", "setores": ["Government"], "ameacas": ["elections", "moldova", "social media manipulation", "influence operations", "eu integration", "disinformation", "russia"], "paises": []}, {"data_criacao": "2025-09-03", "setores": ["Technology", "Telecommunications", "Finance", "Retail", "Hospitality", "Transportation"], "ameacas": ["salesforce", "vishing", "tor", "saas security", "cloud security", "data exfiltration", "oauth", "social engineering"], "paises": []}, {"data_criacao": "2025-10-03", "setores": ["Government", "Defense"], "ameacas": ["anondoor", "south asia", "python backdoor", "pakistan", "cyber-espionage", "obfuscation", "lnk files", "wooperstealer"], "paises": []}, {"data_criacao": "2025-09-03", "setores": [], "ameacas": ["infrastructure", "ddos", "nvr", "dns", "rapperbot", "botnet", "iot", "encryption", "exploit"], "paises": []}, {"data_criacao": "2025-09-02", "setores": ["Finance"], "ameacas": ["social engineering", "financial", "remotepe", "poolrat", "pondrat", "rat", "themeforestrat", "cryptocurrency"], "paises": []}, {"data_criacao": "2025-10-02", "setores": ["Government", "Defense", "Technology", "Finance", "Education"], "ameacas": ["ai-assisted", "funklocker", "powershell", "encryption", "process-disruption", "ransomware", "system-abuse"], "paises": []}, {"data_criacao": "2025-10-01", "setores": ["Finance"], "ameacas": ["detection", "logging", "identity verification", "data loader", "connected apps", "data exfiltration", "multi-factor authentication", "voice phishing", "access control", "social engineering", "salesforce"], "paises": []}, {"data_criacao": "2025-09-01", "setores": [], "ameacas": ["certificate analysis", "polaredge", "infrastructure", "proxy management", "trojan-protocol", "socks5", "reverse-connect", "iot botnet", "cve-2023-20118", "rpx server"], "paises": []}, {"data_criacao": "2025-09-01", "setores": ["Finance", "Technology"], "ameacas": ["clickfix", "node.js", "beavertail", "invisibleferret", "macos", "apt-q-1", "social engineering", "windows", "phishing"], "paises": []}, {"data_criacao": "2025-09-01", "setores": ["Government", "Defense"], "ameacas": ["cloudflareworkers", "ukraine", "vbscript", "powershell", "cyberespionage", "apt", "russia", "dropbox", "devtunnels"], "paises": []}, {"data_criacao": "2025-09-30", "setores": [], "ameacas": ["rootkit", "linux kernel", "kernel security", "flipswitch", "syscall hooking", "x86-64", "yara"], "paises": []}, {"data_criacao": "2025-09-30", "setores": ["Finance"], "ameacas": ["android trojan", "facebook groups", "remote access", "banking malware", "zombinder", "social engineering", "datzbro", "senior scams", "spyware"], "paises": []}, {"data_criacao": "2025-09-30", "setores": ["Government", "Telecommunications"], "ameacas": ["specter", "telecommunications", "africa", "iiservercore", "chinese apt", "assemblyexecuter", "ntospy", "china chopper", "gh0st rat", "asia", "espionage", "government", "middle east", "plugx", "net-star", "iis backdoor", "database targeting"], "paises": []}, {"data_criacao": "2025-09-30", "setores": ["Finance", "Technology"], "ameacas": ["hardware wallets", "cloudflare pages", "phishing", "robots.txt", "github", "cryptocurrency"], "paises": []}, {"data_criacao": "2025-09-29", "setores": ["Manufacturing"], "ameacas": ["crypto-wallet targeting", "information stealer", "vb6", "darkcloud", "exfiltration", "evasion techniques", "spear-phishing"], "paises": []}, {"data_criacao": "2025-09-30", "setores": ["Healthcare", "Government", "Education", "Energy", "Finance"], "ameacas": ["education", "double extortion", "healthcare", "conti", "ransomware", "critical infrastructure", "cobalt strike", "wizard spider", "government", "russia-based", "trickbot", "ryuk"], "paises": []}, {"data_criacao": "2025-09-29", "setores": [], "ameacas": ["qasarrat", "stealer", "malware-as-a-service", "underground forums", "telegram", "loader", "webrat", "evasion techniques", "olymp loader", "crypter", "lummac2", "amadey", "assembly", "raccoon"], "paises": []}, {"data_criacao": "2025-09-26", "setores": ["Government"], "ameacas": ["pureminer", "chm", "countloader", "hta loader", "amatera stealer", "data theft", "ukraine", "phishing", "svg", "fileless", "cryptomining"], "paises": []}, {"data_criacao": "2025-08-30", "setores": [], "ameacas": ["windows file explorer", "social engineering", "clickfix", "filefix", "anydesk", "metastealer", "cloudflare turnstile"], "paises": []}, {"data_criacao": "2025-09-27", "setores": ["Government", "Defense"], "ameacas": ["pterographin", "pteroodd", "pteroeffigy", "pterostew", "backdoor", "ukraine", "pteropaste", "apt", "collaboration", "kazuar", "fsb", "cyberespionage"], "paises": []}, {"data_criacao": "2025-09-29", "setores": [], "ameacas": ["pua", "neutralinojs", "imagelooker", "cve-2025-0411", "digital-signing", "trojanized-productivity-tools", "code-signing-abuse", "calendaromatic", "seo-poisoning", "malvertising", "7-zip", "browser-hijacker"], "paises": []}, {"data_criacao": "2025-09-29", "setores": [], "ameacas": ["anti-analysis", "virtualization", "encryption", "obfuscation", "esxi", "dll reflection", "ransomware", "lockbit 5.0", "cross-platform"], "paises": []}, {"data_criacao": "2025-09-27", "setores": ["Government", "Military", "Media", "Academic"], "ameacas": ["typosquatting", "iranian apt", "video conferencing", "threat hunting", "infrastructure tracking", "phishing"], "paises": []}, {"data_criacao": "2025-08-26", "setores": ["Government", "Defense", "Finance", "Energy", "Manufacturing", "Healthcare", "Telecommunications", "Education"], "ameacas": ["rhadamanthys stealer", "phishing", "tycoon2fa", "salty2fa", "clickfix"], "paises": []}, {"data_criacao": "2025-08-29", "setores": [], "ameacas": ["RaaS", "BlackSuit", "Royal"], "paises": []}, {"data_criacao": "2025-08-29", "setores": ["Government", "Defense", "NGO"], "ameacas": ["infrastructure analysis", "russian threat actor", "domain typosquatting", "ukraine targets", "apt", "spear-phishing", "nato targets"], "paises": []}, {"data_criacao": "2025-08-28", "setores": ["Government"], "ameacas": ["Salt Typhoon", "APT", "edge devices"], "paises": []}, {"data_criacao": "2025-08-28", "setores": ["Government", "Media", "Technology"], "ameacas": ["reconnaissance", "apt", "sogou zhuyin", "merlin", "targeted attacks", "gtelam", "information theft", "desfy", "cobeacon", "c6door", "eastern asia", "spear-phishing", "toshis", "TAOTH"], "paises": []}, {"data_criacao": "2025-08-28", "setores": [], "ameacas": ["icmp trigger", "backdoor", "mystrodx", "stealth", "dual-process guardian", "dns trigger", "c2 servers", "passive mode", "encryption"], "paises": []}, {"data_criacao": "2025-08-27", "setores": ["Manufacturing", "Aerospace", "Technology", "Energy", "Semiconductor"], "ameacas": ["Phishing", "manufacturing", "MixShell", "DNS Tunneling", "ZipLine"], "paises": []}, {"data_criacao": "2025-08-27", "setores": [], "ameacas": ["hyonix", "session hijacking", "phishing", "inbox rules", "saas compromise", "vps abuse"], "paises": []}, {"data_criacao": "2025-08-27", "setores": [], "ameacas": ["malware delivery", "apk", "android", "spynote"], "paises": []}, {"data_criacao": "2025-08-27", "setores": [], "ameacas": ["kerberoasting", "malvertising", "oyster", "putty", "broomstick", "trojanized"], "paises": []}, {"data_criacao": "2025-08-27", "setores": ["Defense", "Technology", "Finance"], "ameacas": ["residential proxy", "anonymous routing", "u.s. infrastructure", "virtual credit cards"], "paises": []}, {"data_criacao": "2025-08-27", "setores": ["Government", "Finance"], "ameacas": ["mobile malware", "phishing", "banking trojan", "senior citizens", "indonesia", "pension fund", "taspen", "spyware"], "paises": []}]