[
  {
    "pergunta": "O que é o Project Aegis?",
    "palavras_chave": ["project", "aegis", "o que é", "função", "painel"],
    "resposta": "O **Project Aegis** é um painel de inteligência de ameaças que agrega dados de vulnerabilidades (CVEs), vazamentos (HIBP) e inteligência de ameaças (OTX) para fornecer uma visão de segurança em tempo real. A segurança é nossa prioridade!"
  },
  {
    "pergunta": "O que é um CVE?",
    "palavras_chave": ["cve", "vulnerabilidade", "o que é cve"],
    "resposta": "Um **CVE (Common Vulnerabilities and Exposures)** é um identificador padrão para vulnerabilidades de segurança da informação. Acompanhá-los é fundamental para manter seus sistemas seguros e evitar ataques cibernéticos."
  },
  {
    "pergunta": "Qual é o setor mais atacado hoje?",
    "palavras_chave": ["setor", "atacado", "otx", "setores"],
    "resposta": "Os setores mais atacados são determinados por dados de inteligência de ameaças (como o OTX) e costumam variar. Monitore o painel de 'Setores Mais Atacados' para ter a visão mais recente e garanta a proteção de seus ativos mais críticos."
  },
  {
    "pergunta": "Quem são os colaboradores do projeto?",
    "palavras_chave": ["colaboradores", "equipe", "desenvolvedores", "quem fez"],
    "resposta": "A equipe do Project Aegis é composta por especialistas em UI/UX, Análise de Dados, Desenvolvimento Back-end e IA, focados em entregar uma solução robusta para inteligência de ameaças."
  }
]